{
    "documentInfo": {
        "documentType": "https://xbrl.org/2021/xbrl-csv",
        "namespaces": {
            "adc": "http://www.xbrl.jp/audit-data-collection",
            "ns0": "http://www.example.com",
            "link": "http://www.xbrl.org/2003/linkbase",
            "iso4217": "http://www.xbrl.org/2003/iso4217",
            "xsi": "http://www.w3.org/2001/XMLSchema-instance",
            "xbrli": "http://www.xbrl.org/2003/instance",
            "xbrldi": "http://xbrl.org/2006/xbrldi",
            "xlink": "http://www.w3.org/1999/xlink"
        },
        "taxonomy": [
            "../taxonomy/ADC/core.xsd"
        ]
    },
    "tableTemplates": {
        "adc": {
            "columns": {
                "d_A025": {},
                "d_A026": {},
                "d_A001": {},
                "A025-001": {
                    "dimensions": {
                        "concept": "adc:A025-001"
                    }
                },
                "A025-A026-008": {
                    "dimensions": {
                        "concept": "adc:A025-A026-008"
                    }
                },
                "A025-A026-007": {
                    "dimensions": {
                        "concept": "adc:A025-A026-007"
                    }
                },
                "A025-A026-014": {
                    "dimensions": {
                        "concept": "adc:A025-A026-014"
                    }
                },
                "A025-A026-012": {
                    "dimensions": {
                        "concept": "adc:A025-A026-012"
                    }
                },
                "A025-A026-011": {
                    "dimensions": {
                        "concept": "adc:A025-A026-011"
                    }
                },
                "A025-009": {
                    "dimensions": {
                        "concept": "adc:A025-009"
                    }
                },
                "A025-002": {
                    "dimensions": {
                        "concept": "adc:A025-002"
                    }
                },
                "A026-A009-001": {
                    "dimensions": {
                        "concept": "adc:A026-A009-001"
                    }
                },
                "A026-A009-002": {
                    "dimensions": {
                        "concept": "adc:A026-A009-002"
                    }
                },
                "A026-A009-005": {
                    "dimensions": {
                        "concept": "adc:A026-A009-005"
                    }
                },
                "A025-A026-027": {
                    "dimensions": {
                        "concept": "adc:A025-A026-027"
                    }
                },
                "A026-A089-001": {
                    "dimensions": {
                        "concept": "adc:A026-A089-001",
                        "unit": "iso4217:JPY"
                    }
                },
                "A026-A089-002": {
                    "dimensions": {
                        "concept": "adc:A026-A089-002"
                    }
                },
                "A025-A026-006": {
                    "dimensions": {
                        "concept": "adc:A025-A026-006"
                    }
                },
                "A026-A009-006": {
                    "dimensions": {
                        "concept": "adc:A026-A009-006"
                    }
                },
                "A025-A026-010": {
                    "dimensions": {
                        "concept": "adc:A025-A026-010"
                    }
                },
                "A026-A001-003": {
                    "dimensions": {
                        "concept": "adc:A026-A001-003"
                    }
                },
                "A026-A001-001": {
                    "dimensions": {
                        "concept": "adc:A026-A001-001"
                    }
                },
                "A026-A001-002": {
                    "dimensions": {
                        "concept": "adc:A026-A001-002"
                    }
                },
                "A026-A001-004": {
                    "dimensions": {
                        "concept": "adc:A026-A001-004"
                    }
                }
            },
            "dimensions": {
                "adc:d_A025": "$d_A025",
                "adc:d_A026": "$d_A026",
                "adc:d_A001": "$d_A001",
                "period": "2023-11-01T00:00:00",
                "entity": "ns0:Example co."
            }
        }
    },
    "tables": {
        "adc": {
            "url": "adc-instances.csv"
        }
    }
}